Time,553,549,561,EB0,E95,EA2,E94,E8D,hour,date,day,zthour
2025-01-07 16:00:00,23.8,6.33,6.53,24.3,21.1,12.2,10.2,18.4,16,2025-01-07,3,0
2025-01-07 17:00:00,9.56,7.31,7.99,7.99,14.0,1.59,15.9,9.98,17,2025-01-07,3,1
2025-01-07 18:00:00,20.7,14.6,17.4,25.5,22.8,1.54,20.0,9.64,18,2025-01-07,3,2
2025-01-07 19:00:00,27.3,27.5,6.93,55.4,30.0,34.8,17.2,23.7,19,2025-01-07,3,3
2025-01-07 20:00:00,24.3,17.9,25.8,59.5,28.8,25.4,25.4,18.4,20,2025-01-07,3,4
2025-01-07 21:00:00,21.0,11.9,5.61,68.0,30.8,26.8,38.5,2.39,21,2025-01-07,3,5
2025-01-07 22:00:00,28.1,13.6,28.8,56.7,24.0,16.8,0.6,32.0,22,2025-01-07,3,6
2025-01-07 23:00:00,29.5,23.6,2.25,61.6,35.1,16.2,35.3,33.0,23,2025-01-07,3,7
2025-01-08 00:00:00,22.2,24.6,4.36,64.3,1.78,2.82,35.7,17.6,0,2025-01-08,3,8
2025-01-08 01:00:00,19.6,1.48,0.762,39.2,20.1,1.35,23.8,20.1,1,2025-01-08,3,9
2025-01-08 02:00:00,15.3,3.64,1.92,6.56,1.81,0.368,14.3,16.2,2,2025-01-08,3,10
2025-01-08 03:00:00,21.3,6.11,16.0,40.9,23.6,12.8,0.496,27.6,3,2025-01-08,3,11
2025-01-08 04:00:00,31.2,12.1,13.5,58.1,32.3,30.8,1.11,38.0,4,2025-01-08,3,12
2025-01-08 05:00:00,34.1,26.4,32.5,64.7,33.5,34.6,30.3,47.6,5,2025-01-08,3,13
2025-01-08 06:00:00,29.3,21.4,12.5,48.5,22.8,20.2,34.9,13.4,6,2025-01-08,3,14
2025-01-08 07:00:00,15.2,9.76,5.02,21.0,20.6,16.5,43.2,7.64,7,2025-01-08,3,15
2025-01-08 08:00:00,15.0,0.504,0.0332,13.4,1.78,0.0244,10.2,0.538,8,2025-01-08,3,16
2025-01-08 09:00:00,2.67,0.148,1.49,3.52,2.8,0.0244,1.02,1.49,9,2025-01-08,3,17
2025-01-08 10:00:00,3.02,5.94,1.57,18.0,2.54,6.73,0.2,3.11,10,2025-01-08,3,18
2025-01-08 11:00:00,1.53,0.0963,0.0244,43.7,4.64,0.0244,22.2,0.0244,11,2025-01-08,3,19
2025-01-08 12:00:00,14.1,0.942,0.0939,5.08,2.76,0.0244,0.74,0.0244,12,2025-01-08,3,20
2025-01-08 13:00:00,1.55,2.68,5.96,6.61,2.32,0.0244,0.0244,0.0442,13,2025-01-08,3,21
2025-01-08 14:00:00,22.9,2.96,0.0244,37.8,32.7,3.0,2.55,17.8,14,2025-01-08,3,22
2025-01-08 15:00:00,4.5,3.65,0.759,5.26,5.79,0.0244,0.0244,0.0244,15,2025-01-08,3,23
2025-01-08 16:00:00,14.9,7.29,11.2,35.6,24.7,25.4,20.1,21.4,16,2025-01-08,4,0
2025-01-08 17:00:00,3.99,2.65,0.0244,9.76,5.84,7.58,0.0687,5.97,17,2025-01-08,4,1
2025-01-08 18:00:00,18.8,11.6,21.7,35.2,24.1,3.68,9.75,6.29,18,2025-01-08,4,2
2025-01-08 19:00:00,21.2,19.2,14.1,36.7,24.1,23.4,13.4,26.7,19,2025-01-08,4,3
2025-01-08 20:00:00,20.6,15.0,12.6,52.3,24.2,4.79,31.2,4.48,20,2025-01-08,4,4
2025-01-08 21:00:00,8.15,15.7,16.3,8.63,15.1,9.23,10.6,24.4,21,2025-01-08,4,5
2025-01-08 22:00:00,26.5,19.6,22.6,61.1,21.5,19.6,29.2,1.92,22,2025-01-08,4,6
2025-01-08 23:00:00,21.3,4.28,22.7,57.0,29.2,25.9,4.77,26.5,23,2025-01-08,4,7
2025-01-09 00:00:00,12.7,3.61,20.5,53.8,16.9,2.62,30.2,15.5,0,2025-01-09,4,8
2025-01-09 01:00:00,20.8,15.7,0.0244,49.3,15.4,3.03,12.2,1.87,1,2025-01-09,4,9
2025-01-09 02:00:00,19.2,0.966,0.0244,9.52,18.6,17.9,0.609,18.4,2,2025-01-09,4,10
2025-01-09 03:00:00,18.9,7.72,27.1,4.38,22.6,14.9,11.4,18.8,3,2025-01-09,4,11
2025-01-09 04:00:00,28.4,12.0,1.04,33.8,13.0,30.9,2.01,7.96,4,2025-01-09,4,12
2025-01-09 05:00:00,33.3,19.6,28.0,45.1,37.1,32.3,30.8,35.0,5,2025-01-09,4,13
2025-01-09 06:00:00,34.3,18.1,0.116,17.0,17.7,17.9,32.7,42.9,6,2025-01-09,4,14
2025-01-09 07:00:00,7.93,7.41,0.835,7.14,6.8,0.316,41.2,26.1,7,2025-01-09,4,15
2025-01-09 08:00:00,3.77,0.0244,1.09,27.8,15.0,4.03,16.0,3.89,8,2025-01-09,4,16
2025-01-09 09:00:00,5.03,0.14,0.105,1.28,4.71,0.1,0.872,1.14,9,2025-01-09,4,17
2025-01-09 10:00:00,2.54,0.449,8.09,25.9,1.23,0.0694,0.0244,0.897,10,2025-01-09,4,18
2025-01-09 11:00:00,14.4,2.37,3.7,1.16,4.19,0.0244,5.0,6.18,11,2025-01-09,4,19
2025-01-09 12:00:00,2.58,0.0244,0.0244,0.977,21.8,8.53,0.0244,5.19,12,2025-01-09,4,20
2025-01-09 13:00:00,15.0,0.667,5.73,3.8,3.3,0.101,0.0244,0.377,13,2025-01-09,4,21
2025-01-09 14:00:00,9.34,3.34,0.0244,0.303,1.41,0.0755,14.4,15.7,14,2025-01-09,4,22
2025-01-09 15:00:00,0.747,1.02,7.59,5.09,5.86,3.57,0.0244,1.24,15,2025-01-09,4,23
2025-01-09 16:00:00,17.0,7.91,12.5,18.0,25.8,15.6,10.7,26.9,16,2025-01-09,5,0
2025-01-09 17:00:00,4.17,2.4,0.0324,7.6,5.83,1.66,15.1,13.8,17,2025-01-09,5,1
2025-01-09 18:00:00,18.8,11.0,21.9,9.78,19.2,1.27,4.97,14.7,18,2025-01-09,5,2
2025-01-09 19:00:00,11.2,7.3,4.58,14.5,23.3,22.5,11.2,29.8,19,2025-01-09,5,3
2025-01-09 20:00:00,11.2,12.6,7.82,34.9,38.1,17.9,25.6,9.01,20,2025-01-09,5,4
2025-01-09 21:00:00,11.8,2.88,13.9,19.6,20.8,10.4,13.6,37.9,21,2025-01-09,5,5
2025-01-09 22:00:00,5.51,22.2,12.3,17.8,22.6,19.4,24.0,22.8,22,2025-01-09,5,6
2025-01-09 23:00:00,19.8,23.1,27.8,38.8,24.5,11.1,3.89,15.7,23,2025-01-09,5,7
2025-01-10 00:00:00,4.1,7.93,16.1,38.2,21.2,1.42,20.6,26.8,0,2025-01-10,5,8
2025-01-10 01:00:00,8.69,0.0869,0.84,29.6,25.0,3.22,16.5,2.12,1,2025-01-10,5,9
2025-01-10 02:00:00,5.48,7.59,0.0831,0.75,8.83,1.15,0.73,15.4,2,2025-01-10,5,10
2025-01-10 03:00:00,13.5,0.958,0.959,4.75,17.9,15.3,2.31,26.2,3,2025-01-10,5,11
2025-01-10 04:00:00,18.7,11.3,16.4,33.2,24.2,3.43,6.98,21.7,4,2025-01-10,5,12
2025-01-10 05:00:00,31.2,19.5,16.9,32.4,29.1,37.3,18.3,32.2,5,2025-01-10,5,13
2025-01-10 06:00:00,24.0,16.5,2.27,10.2,27.5,22.5,27.0,35.9,6,2025-01-10,5,14
2025-01-10 07:00:00,4.33,1.57,0.298,0.354,21.8,5.25,29.4,3.49,7,2025-01-10,5,15
2025-01-10 08:00:00,16.6,12.7,14.9,8.83,7.08,18.5,2.95,12.7,8,2025-01-10,5,16
2025-01-10 09:00:00,2.8,0.161,0.0318,4.64,0.919,0.0244,0.123,0.0244,9,2025-01-10,5,17
2025-01-10 10:00:00,2.87,0.618,0.298,16.9,8.64,0.0244,1.41,0.879,10,2025-01-10,5,18
2025-01-10 11:00:00,4.16,3.23,4.23,0.0244,1.37,0.0244,0.045,4.89,11,2025-01-10,5,19
2025-01-10 12:00:00,8.59,0.396,0.0244,3.17,23.6,1.32,19.6,3.76,12,2025-01-10,5,20
2025-01-10 13:00:00,20.3,2.24,0.987,0.053,1.11,7.18,4.15,0.17,13,2025-01-10,5,21
2025-01-10 14:00:00,1.97,0.109,0.0244,10.8,5.47,0.0244,4.34,2.85,14,2025-01-10,5,22
2025-01-10 15:00:00,11.6,0.189,2.09,0.988,5.92,1.3,0.122,0.135,15,2025-01-10,5,23
2025-01-10 16:00:00,16.4,12.9,14.2,22.5,27.2,17.6,13.2,23.0,16,2025-01-10,6,0
2025-01-10 17:00:00,12.7,0.0244,1.73,17.4,1.68,9.42,1.44,5.82,17,2025-01-10,6,1
2025-01-10 18:00:00,10.1,1.55,2.32,10.4,30.1,4.92,2.82,6.27,18,2025-01-10,6,2
2025-01-10 19:00:00,31.8,16.1,21.5,17.7,18.8,15.7,35.3,34.0,19,2025-01-10,6,3
2025-01-10 20:00:00,24.8,3.69,3.69,21.8,18.1,17.6,9.18,9.66,20,2025-01-10,6,4
2025-01-10 21:00:00,35.2,4.6,4.5,7.85,30.4,27.0,36.4,12.8,21,2025-01-10,6,5
2025-01-10 22:00:00,35.6,15.8,8.48,36.7,26.8,17.9,30.1,22.5,22,2025-01-10,6,6
2025-01-10 23:00:00,18.3,20.8,32.7,42.9,36.4,1.12,26.4,13.4,23,2025-01-10,6,7
2025-01-11 00:00:00,23.1,27.8,20.7,35.7,31.5,0.531,19.1,22.4,0,2025-01-11,6,8
2025-01-11 01:00:00,8.78,5.45,2.84,16.7,14.7,20.8,1.23,2.74,1,2025-01-11,6,9
2025-01-11 02:00:00,18.7,0.414,4.36,1.08,15.7,3.38,1.29,27.0,2,2025-01-11,6,10
2025-01-11 03:00:00,15.4,1.38,10.7,10.4,14.9,15.0,7.86,16.1,3,2025-01-11,6,11
2025-01-11 04:00:00,21.2,11.2,9.67,40.7,12.9,10.6,7.64,16.2,4,2025-01-11,6,12
2025-01-11 05:00:00,38.1,26.9,4.0,33.5,29.4,38.2,31.8,38.1,5,2025-01-11,6,13
2025-01-11 06:00:00,6.04,26.3,4.99,1.29,12.1,31.8,35.9,32.5,6,2025-01-11,6,14
2025-01-11 07:00:00,5.12,0.362,0.152,11.2,5.36,2.85,36.2,32.3,7,2025-01-11,6,15
2025-01-11 08:00:00,1.1,0.385,0.0298,25.1,6.48,0.0244,3.83,0.888,8,2025-01-11,6,16
2025-01-11 09:00:00,2.27,1.8,0.0244,0.322,1.5,0.0244,0.0244,0.0244,9,2025-01-11,6,17
2025-01-11 10:00:00,2.11,1.91,4.96,5.03,3.43,0.0244,7.09,0.448,10,2025-01-11,6,18
2025-01-11 11:00:00,12.3,6.9,7.76,10.7,13.4,6.48,8.3,22.0,11,2025-01-11,6,19
2025-01-11 12:00:00,0.368,15.0,0.0244,0.0244,6.21,5.69,5.37,0.259,12,2025-01-11,6,20
2025-01-11 13:00:00,0.342,0.0356,6.78,1.74,1.19,0.0244,0.0576,4.99,13,2025-01-11,6,21
2025-01-11 14:00:00,8.36,0.0302,0.0244,3.89,19.7,0.113,3.36,0.33,14,2025-01-11,6,22
2025-01-11 15:00:00,2.01,0.0968,6.56,0.121,7.59,4.57,0.562,3.72,15,2025-01-11,6,23
2025-01-11 16:00:00,13.7,4.09,9.66,29.7,24.1,12.2,16.3,28.7,16,2025-01-11,7,0
2025-01-11 17:00:00,4.24,0.516,1.65,2.44,7.64,5.59,1.64,9.16,17,2025-01-11,7,1
2025-01-11 18:00:00,8.71,0.949,15.2,10.2,22.3,9.01,16.1,14.8,18,2025-01-11,7,2
2025-01-11 19:00:00,17.4,9.0,2.81,27.3,28.5,11.3,34.4,23.1,19,2025-01-11,7,3
2025-01-11 20:00:00,20.5,1.87,20.6,21.7,17.7,16.7,33.8,14.9,20,2025-01-11,7,4
2025-01-11 21:00:00,21.7,16.9,7.86,31.4,35.2,30.1,25.5,15.2,21,2025-01-11,7,5
2025-01-11 22:00:00,13.4,31.4,28.2,43.7,17.7,37.2,24.0,26.4,22,2025-01-11,7,6
2025-01-11 23:00:00,32.2,23.9,3.88,43.0,42.4,18.4,30.7,4.6,23,2025-01-11,7,7
2025-01-12 00:00:00,8.41,3.41,24.2,38.8,9.08,8.03,34.6,13.8,0,2025-01-12,7,8
2025-01-12 01:00:00,10.7,7.2,4.95,12.2,16.9,0.0244,14.1,13.2,1,2025-01-12,7,9
2025-01-12 02:00:00,21.1,7.64,11.9,0.117,13.9,3.85,8.91,5.46,2,2025-01-12,7,10
2025-01-12 03:00:00,24.5,2.34,8.49,38.6,24.6,1.24,14.6,36.9,3,2025-01-12,7,11
2025-01-12 04:00:00,12.4,14.8,23.5,30.5,17.4,18.1,41.6,33.0,4,2025-01-12,7,12
2025-01-12 05:00:00,37.6,27.5,4.44,17.0,40.1,54.9,43.3,43.7,5,2025-01-12,7,13
2025-01-12 06:00:00,10.1,15.7,1.86,33.6,17.2,14.4,34.2,40.6,6,2025-01-12,7,14
2025-01-12 07:00:00,11.1,0.276,0.437,12.4,5.59,0.401,1.34,13.8,7,2025-01-12,7,15
2025-01-12 08:00:00,0.357,2.4,0.0244,0.719,12.8,0.102,0.0244,0.469,8,2025-01-12,7,16
2025-01-12 09:00:00,0.388,0.0244,8.3,0.865,11.1,8.5,12.0,0.0435,9,2025-01-12,7,17
2025-01-12 10:00:00,7.64,0.0244,0.317,0.246,0.346,0.0244,2.64,0.0561,10,2025-01-12,7,18
2025-01-12 11:00:00,8.9,1.11,7.22,34.3,9.39,11.4,0.994,8.27,11,2025-01-12,7,19
2025-01-12 12:00:00,1.05,0.875,0.0244,2.61,5.98,0.0466,12.1,0.0866,12,2025-01-12,7,20
2025-01-12 13:00:00,0.951,0.0244,4.41,0.343,2.08,0.0244,5.75,0.0712,13,2025-01-12,7,21
2025-01-12 14:00:00,7.28,1.31,2.4,13.3,21.7,16.8,1.94,12.5,14,2025-01-12,7,22
2025-01-12 15:00:00,1.13,2.39,1.49,3.11,2.42,0.456,3.98,1.04,15,2025-01-12,7,23
2025-01-12 16:00:00,2.35,1.3,0.184,5.95,7.84,2.18,0.13,1.2,16,2025-01-12,8,0
2025-01-12 17:00:00,0.769,1.17,1.95,0.26,8.28,1.12,1.86,3.55,17,2025-01-12,8,1
2025-01-12 18:00:00,14.6,6.28,16.8,20.5,29.1,16.1,22.7,13.7,18,2025-01-12,8,2
2025-01-12 19:00:00,16.0,18.7,9.98,23.9,24.4,26.1,19.3,27.3,19,2025-01-12,8,3
2025-01-12 20:00:00,16.7,4.27,4.46,32.2,31.6,29.8,8.73,14.8,20,2025-01-12,8,4
2025-01-12 21:00:00,18.0,26.7,11.2,48.7,28.6,43.4,29.3,21.2,21,2025-01-12,8,5
2025-01-12 22:00:00,11.8,13.6,35.1,56.7,24.4,26.5,26.4,32.8,22,2025-01-12,8,6
2025-01-12 23:00:00,29.0,3.75,19.1,54.3,27.7,43.7,40.0,12.4,23,2025-01-12,8,7
2025-01-13 00:00:00,12.9,4.17,23.5,40.3,37.0,14.8,22.0,21.9,0,2025-01-13,8,8
2025-01-13 01:00:00,8.84,7.6,1.0,1.98,33.4,4.5,7.13,12.3,1,2025-01-13,8,9
2025-01-13 02:00:00,17.2,10.5,18.5,1.42,25.4,37.6,4.73,1.69,2,2025-01-13,8,10
2025-01-13 03:00:00,14.2,9.77,16.9,41.4,17.8,36.3,3.69,30.9,3,2025-01-13,8,11
2025-01-13 04:00:00,26.9,30.2,11.4,60.6,36.8,23.0,19.5,32.7,4,2025-01-13,8,12
2025-01-13 05:00:00,38.9,29.6,22.3,56.6,28.1,27.3,42.8,45.7,5,2025-01-13,8,13
2025-01-13 06:00:00,24.6,17.8,3.32,38.4,15.2,0.208,41.1,47.8,6,2025-01-13,8,14
2025-01-13 07:00:00,0.0244,1.49,0.0244,0.0244,13.6,0.253,20.9,3.21,7,2025-01-13,8,15
2025-01-13 08:00:00,1.16,0.462,0.0244,0.956,0.205,3.07,0.373,0.0244,8,2025-01-13,8,16
2025-01-13 09:00:00,0.163,1.4,2.96,21.1,0.186,0.0244,0.0244,0.56,9,2025-01-13,8,17
2025-01-13 10:00:00,0.123,0.0967,0.0244,12.7,4.37,0.0244,3.16,0.141,10,2025-01-13,8,18
2025-01-13 11:00:00,13.1,5.4,7.11,6.73,11.6,8.62,5.72,12.4,11,2025-01-13,8,19
2025-01-13 12:00:00,0.0266,0.717,0.053,0.0244,0.656,0.0244,10.7,0.0244,12,2025-01-13,8,20
2025-01-13 13:00:00,0.0642,0.362,5.27,9.95,1.82,4.37,12.2,0.0244,13,2025-01-13,8,21
2025-01-13 14:00:00,0.209,0.611,1.0,4.88,21.4,0.0244,0.364,0.614,14,2025-01-13,8,22
2025-01-13 15:00:00,9.7,1.04,3.97,0.183,2.15,4.78,7.45,7.0,15,2025-01-13,8,23
2025-01-13 16:00:00,6.17,6.49,5.2,33.6,12.9,17.2,10.7,22.9,16,2025-01-13,9,0
2025-01-13 17:00:00,1.04,1.19,1.63,3.99,5.26,8.46,5.54,5.89,17,2025-01-13,9,1
2025-01-13 18:00:00,10.6,8.59,5.97,13.0,24.2,12.8,7.98,8.75,18,2025-01-13,9,2
2025-01-13 19:00:00,5.62,1.01,7.85,15.1,13.3,17.6,28.6,30.4,19,2025-01-13,9,3
2025-01-13 20:00:00,9.46,2.18,2.38,1.69,38.3,13.0,8.93,3.74,20,2025-01-13,9,4
2025-01-13 21:00:00,8.48,8.69,17.5,62.9,27.2,6.56,24.1,33.9,21,2025-01-13,9,5
2025-01-13 22:00:00,2.86,30.7,14.5,44.9,27.9,10.8,18.3,25.4,22,2025-01-13,9,6
2025-01-13 23:00:00,10.5,16.5,10.9,48.9,26.4,23.3,17.6,2.73,23,2025-01-13,9,7
2025-01-14 00:00:00,3.68,3.64,1.73,7.75,16.0,15.4,30.4,35.2,0,2025-01-14,9,8
2025-01-14 01:00:00,0.907,0.0474,20.3,4.18,11.6,3.0,1.9,14.0,1,2025-01-14,9,9
2025-01-14 02:00:00,9.67,4.28,18.4,30.2,17.2,4.42,0.556,1.37,2,2025-01-14,9,10
2025-01-14 03:00:00,4.26,10.4,2.75,24.5,23.8,5.47,1.98,17.6,3,2025-01-14,9,11
2025-01-14 04:00:00,1.41,7.02,25.0,14.1,21.5,27.1,11.1,18.6,4,2025-01-14,9,12
2025-01-14 05:00:00,24.3,20.4,24.5,47.6,16.7,41.5,32.2,36.6,5,2025-01-14,9,13
2025-01-14 06:00:00,14.4,33.8,1.95,39.5,0.134,9.88,28.3,38.1,6,2025-01-14,9,14
2025-01-14 07:00:00,0.781,6.32,0.3,1.47,0.355,4.49,22.4,4.59,7,2025-01-14,9,15
2025-01-14 08:00:00,7.0,0.0986,0.0244,11.5,19.7,0.0244,0.135,0.132,8,2025-01-14,9,16
2025-01-14 09:00:00,0.174,0.322,1.37,0.543,0.969,0.0244,4.99,1.04,9,2025-01-14,9,17
2025-01-14 10:00:00,0.0244,0.674,0.503,0.2,0.482,0.0244,18.4,1.21,10,2025-01-14,9,18
2025-01-14 11:00:00,5.8,1.45,0.0244,15.7,1.19,4.09,0.0244,0.102,11,2025-01-14,9,19
2025-01-14 12:00:00,0.0244,0.316,9.68,1.07,3.48,0.0244,1.39,0.98,12,2025-01-14,9,20
2025-01-14 13:00:00,0.492,1.77,0.133,0.462,4.16,5.55,2.03,13.2,13,2025-01-14,9,21
2025-01-14 14:00:00,14.0,0.0917,2.93,5.91,16.6,10.6,0.449,0.0244,14,2025-01-14,9,22
2025-01-14 15:00:00,0.33,0.408,0.21,0.78,1.26,0.0244,19.1,1.08,15,2025-01-14,9,23
2025-01-14 16:00:00,3.03,0.151,0.0412,4.69,2.42,3.91,0.0244,3.05,16,2025-01-14,10,0
2025-01-14 17:00:00,0.514,0.476,0.0244,4.35,5.98,0.0244,3.87,0.203,17,2025-01-14,10,1
2025-01-14 18:00:00,7.75,19.8,15.0,15.6,12.4,7.67,30.4,19.1,18,2025-01-14,10,2
2025-01-14 19:00:00,18.2,15.4,4.9,37.5,41.6,23.0,18.6,15.2,19,2025-01-14,10,3
2025-01-14 20:00:00,4.19,23.5,17.6,33.2,26.5,21.4,25.2,36.9,20,2025-01-14,10,4
2025-01-14 21:00:00,7.18,9.4,6.56,19.6,21.1,15.6,28.7,15.9,21,2025-01-14,10,5
2025-01-14 22:00:00,20.8,13.0,20.1,24.4,33.2,5.03,8.67,44.1,22,2025-01-14,10,6
2025-01-14 23:00:00,38.9,9.05,39.3,43.9,11.4,20.2,36.0,35.4,23,2025-01-14,10,7
2025-01-15 00:00:00,4.03,23.4,28.6,54.3,51.2,29.0,33.8,18.5,0,2025-01-15,10,8
2025-01-15 01:00:00,20.6,5.65,3.02,61.6,31.0,1.93,22.4,0.771,1,2025-01-15,10,9
2025-01-15 02:00:00,22.7,7.43,12.5,33.7,23.7,6.75,3.34,25.6,2,2025-01-15,10,10
2025-01-15 03:00:00,2.67,8.94,4.58,0.937,21.8,3.81,0.0244,19.4,3,2025-01-15,10,11
2025-01-15 04:00:00,18.9,19.4,34.8,44.1,18.6,32.2,10.6,42.2,4,2025-01-15,10,12
2025-01-15 05:00:00,33.7,35.1,21.2,54.9,49.3,47.8,46.5,54.9,5,2025-01-15,10,13
2025-01-15 06:00:00,9.51,16.5,2.65,39.3,9.28,33.8,29.7,28.4,6,2025-01-15,10,14
2025-01-15 07:00:00,0.255,0.0244,0.613,0.824,13.7,0.112,7.14,0.86,7,2025-01-15,10,15
2025-01-15 08:00:00,0.233,0.598,0.0676,27.9,1.52,0.0244,7.19,0.0737,8,2025-01-15,10,16
2025-01-15 09:00:00,0.783,0.751,10.1,0.235,1.08,0.0244,10.4,0.31,9,2025-01-15,10,17
2025-01-15 10:00:00,3.62,3.43,0.0418,3.29,21.8,0.0244,0.0244,5.44,10,2025-01-15,10,18
2025-01-15 11:00:00,5.37,1.8,0.61,33.6,21.5,7.4,15.8,14.3,11,2025-01-15,10,19
2025-01-15 12:00:00,3.59,2.38,8.3,31.6,1.57,0.117,6.01,4.81,12,2025-01-15,10,20
2025-01-15 13:00:00,0.997,0.8,1.45,11.0,0.869,0.0615,0.68,1.34,13,2025-01-15,10,21
2025-01-15 14:00:00,2.16,1.4,0.544,10.5,10.6,12.6,5.68,0.157,14,2025-01-15,10,22
2025-01-15 15:00:00,0.625,3.68,3.81,0.975,0.275,0.0655,14.5,12.5,15,2025-01-15,10,23
2025-01-15 16:00:00,16.9,11.8,8.87,33.5,39.2,22.3,14.5,23.2,16,2025-01-15,11,0
2025-01-15 17:00:00,3.54,4.0,0.944,2.73,2.54,16.2,2.81,5.59,17,2025-01-15,11,1
2025-01-15 18:00:00,8.81,17.5,11.5,24.5,22.3,12.3,20.1,27.4,18,2025-01-15,11,2
2025-01-15 19:00:00,13.0,10.7,4.0,52.7,24.8,34.2,41.4,34.8,19,2025-01-15,11,3
2025-01-15 20:00:00,6.52,1.45,3.24,52.8,30.5,33.5,24.4,12.9,20,2025-01-15,11,4
2025-01-15 21:00:00,5.39,19.8,14.3,51.5,21.1,14.0,42.9,38.7,21,2025-01-15,11,5
2025-01-15 22:00:00,26.9,24.2,7.59,12.0,25.2,2.13,33.1,4.6,22,2025-01-15,11,6
2025-01-15 23:00:00,23.2,17.7,23.9,14.1,23.7,6.91,6.24,46.4,23,2025-01-15,11,7
2025-01-16 00:00:00,4.62,10.8,26.2,53.9,29.4,10.4,35.2,44.4,0,2025-01-16,11,8
2025-01-16 01:00:00,11.1,8.36,3.06,42.6,28.9,0.0369,32.5,9.8,1,2025-01-16,11,9
2025-01-16 02:00:00,20.7,10.7,3.69,0.331,25.2,15.4,0.0655,4.1,2,2025-01-16,11,10
2025-01-16 03:00:00,12.5,8.08,28.5,1.33,23.5,7.03,1.32,31.8,3,2025-01-16,11,11
2025-01-16 04:00:00,13.8,26.3,4.76,43.0,14.0,31.8,9.88,42.8,4,2025-01-16,11,12
2025-01-16 05:00:00,32.5,35.4,23.6,55.7,38.0,55.3,48.9,54.4,5,2025-01-16,11,13
2025-01-16 06:00:00,1.0,9.58,13.5,48.4,7.37,35.3,37.2,50.6,6,2025-01-16,11,14
2025-01-16 07:00:00,3.45,0.0244,1.13,4.64,4.22,2.06,11.8,19.9,7,2025-01-16,11,15
2025-01-16 08:00:00,4.27,0.256,0.0244,1.71,0.55,0.101,0.744,0.782,8,2025-01-16,11,16
2025-01-16 09:00:00,0.192,2.55,0.0244,19.2,1.97,0.0244,0.0244,0.817,9,2025-01-16,11,17
2025-01-16 10:00:00,0.178,10.6,4.42,0.486,1.04,0.754,16.8,1.72,10,2025-01-16,11,18
2025-01-16 11:00:00,0.0859,0.641,0.0244,6.76,3.72,2.13,1.32,0.556,11,2025-01-16,11,19
2025-01-16 12:00:00,0.0244,0.488,0.0244,0.0341,0.858,0.0244,0.759,2.4,12,2025-01-16,11,20
2025-01-16 13:00:00,3.97,5.02,4.23,0.0714,10.1,2.83,0.0244,0.209,13,2025-01-16,11,21
2025-01-16 14:00:00,4.85,0.0244,0.0244,19.7,1.27,24.3,12.9,18.8,14,2025-01-16,11,22
2025-01-16 15:00:00,1.05,0.994,1.3,0.109,6.62,0.0244,1.37,4.87,15,2025-01-16,11,23
2025-01-16 16:00:00,0.101,1.76,1.88,7.54,0.082,3.26,0.0244,0.434,16,2025-01-16,12,0
2025-01-16 17:00:00,6.59,0.224,0.506,7.49,1.8,1.9,4.68,9.54,17,2025-01-16,12,1
2025-01-16 18:00:00,1.85,9.47,22.2,25.3,17.9,9.48,18.9,11.2,18,2025-01-16,12,2
2025-01-16 19:00:00,16.3,5.41,9.79,16.0,26.3,17.4,24.4,36.4,19,2025-01-16,12,3
2025-01-16 20:00:00,3.55,1.16,15.6,50.9,20.5,21.4,36.1,38.6,20,2025-01-16,12,4
2025-01-16 21:00:00,22.3,13.5,2.17,53.0,29.0,33.3,22.8,1.87,21,2025-01-16,12,5
2025-01-16 22:00:00,25.1,30.0,24.4,47.2,40.7,21.1,37.1,34.6,22,2025-01-16,12,6
2025-01-16 23:00:00,17.5,41.5,25.0,59.9,17.5,24.9,41.2,45.5,23,2025-01-16,12,7
2025-01-17 00:00:00,26.2,3.35,20.8,58.6,36.6,1.99,47.4,11.3,0,2025-01-17,12,8
2025-01-17 01:00:00,15.4,8.06,5.22,54.6,10.5,2.01,35.2,1.31,1,2025-01-17,12,9
2025-01-17 02:00:00,18.2,12.5,7.41,34.2,32.5,4.29,45.3,19.5,2,2025-01-17,12,10
2025-01-17 03:00:00,22.2,12.7,17.0,2.93,21.7,3.94,30.1,33.0,3,2025-01-17,12,11
2025-01-17 04:00:00,28.9,8.1,16.9,1.8,17.6,33.5,33.4,40.1,4,2025-01-17,12,12
2025-01-17 05:00:00,21.0,29.8,31.5,58.1,31.5,51.9,42.9,57.4,5,2025-01-17,12,13
2025-01-17 06:00:00,14.9,25.0,0.308,50.9,11.6,31.2,0.0244,30.7,6,2025-01-17,12,14
2025-01-17 07:00:00,0.0982,2.5,0.0244,14.9,2.39,1.76,6.2,0.905,7,2025-01-17,12,15
2025-01-17 08:00:00,0.648,0.131,0.0244,19.7,7.8,0.147,21.7,0.383,8,2025-01-17,12,16
2025-01-17 09:00:00,3.62,0.0402,3.6,6.68,3.55,0.114,0.0244,0.0244,9,2025-01-17,12,17
2025-01-17 10:00:00,2.18,0.0244,0.0244,1.95,1.49,0.0244,0.0244,3.02,10,2025-01-17,12,18
2025-01-17 11:00:00,0.0244,1.59,8.34,5.55,0.868,6.47,0.0244,0.175,11,2025-01-17,12,19
2025-01-17 12:00:00,0.718,0.0244,0.0244,0.917,5.53,0.0244,3.61,0.101,12,2025-01-17,12,20
2025-01-17 13:00:00,2.4,0.203,0.0244,10.0,15.6,4.44,4.34,5.99,13,2025-01-17,12,21
2025-01-17 14:00:00,1.8,1.7,7.43,22.7,0.145,0.0244,0.0244,0.147,14,2025-01-17,12,22
2025-01-17 15:00:00,5.59,0.452,2.1,0.0629,0.936,0.308,14.2,8.55,15,2025-01-17,12,23
2025-01-17 16:00:00,5.73,1.9,7.67,12.8,8.84,13.6,10.8,14.9,16,2025-01-17,13,0
2025-01-17 17:00:00,0.816,0.0244,0.534,3.72,1.25,1.94,0.0244,0.875,17,2025-01-17,13,1
2025-01-17 18:00:00,6.43,3.07,9.23,16.9,15.7,8.13,14.5,12.8,18,2025-01-17,13,2
2025-01-17 19:00:00,6.39,1.3,2.54,20.1,14.9,32.7,19.2,13.1,19,2025-01-17,13,3
2025-01-17 20:00:00,4.44,0.539,5.36,14.4,9.67,29.4,11.2,1.1,20,2025-01-17,13,4
2025-01-17 21:00:00,11.3,8.66,3.26,60.4,22.2,22.5,21.8,21.3,21,2025-01-17,13,5
2025-01-17 22:00:00,8.17,19.1,8.04,8.05,17.5,13.6,21.6,17.3,22,2025-01-17,13,6
2025-01-17 23:00:00,10.6,17.9,10.3,61.2,28.7,11.6,13.0,17.2,23,2025-01-17,13,7
2025-01-18 00:00:00,15.7,16.1,3.91,46.5,1.13,13.8,7.9,22.4,0,2025-01-18,13,8
2025-01-18 01:00:00,2.45,2.07,18.9,6.21,9.83,0.221,26.3,0.678,1,2025-01-18,13,9
2025-01-18 02:00:00,4.24,2.41,4.3,1.91,31.0,8.27,26.3,14.0,2,2025-01-18,13,10
2025-01-18 03:00:00,11.1,8.47,2.2,38.1,10.2,17.8,5.72,21.6,3,2025-01-18,13,11
2025-01-18 04:00:00,14.7,7.6,5.2,38.0,26.5,36.2,5.35,11.7,4,2025-01-18,13,12
2025-01-18 05:00:00,0.349,34.8,22.2,9.65,8.12,37.9,10.3,39.3,5,2025-01-18,13,13
2025-01-18 06:00:00,2.89,22.7,0.0723,14.2,16.4,2.1,30.0,42.2,6,2025-01-18,13,14
2025-01-18 07:00:00,6.52,0.0991,3.58,8.91,2.33,0.2,0.0385,15.4,7,2025-01-18,13,15
2025-01-18 08:00:00,5.69,0.0595,0.0244,1.28,2.27,0.788,2.72,0.769,8,2025-01-18,13,16
2025-01-18 09:00:00,0.061,0.744,0.0244,19.6,1.18,0.0244,18.9,0.995,9,2025-01-18,13,17
2025-01-18 10:00:00,1.78,0.27,0.215,0.69,3.11,10.9,0.0244,0.514,10,2025-01-18,13,18
2025-01-18 11:00:00,3.58,0.447,1.24,1.92,17.0,2.07,6.5,4.08,11,2025-01-18,13,19
2025-01-18 12:00:00,0.0244,0.826,0.0244,3.62,5.14,0.0314,11.6,0.0244,12,2025-01-18,13,20
2025-01-18 13:00:00,2.76,0.616,2.93,11.1,0.215,6.61,0.0244,3.82,13,2025-01-18,13,21
2025-01-18 14:00:00,0.109,0.63,0.855,0.397,2.04,0.0244,0.81,0.0244,14,2025-01-18,13,22
2025-01-18 15:00:00,1.47,3.12,0.0244,2.81,5.59,1.36,3.83,14.0,15,2025-01-18,13,23
